Target,Temp,Rainfall,Condition Level,City
0.701610720086627,-12.5,0.0,1,2
0.788405531222051,-8.6,0.8,3,2
0.765188042430086,-0.3,1.4,1,2
0.718852991951214,-13.3,0.7,3,2
0.700713954156627,-4.5,4.3,2,2
0.726755218216318,-1.0,1.6,1,2
0.72767948397647,-7.7,0.2,2,2
0.752640545144804,-15.4,0.0,1,2
0.73307495855549,-13.7,0.0,1,2
0.768975788931443,-4.9,0.0,1,2
0.798942157726995,-7.9,0.0,1,2
0.71985082674335,-17.3,0.0,1,2
0.754804655779121,-12.4,0.4,1,2
0.738929160174333,-18.6,0.6,3,2
0.75584798638684,-16.5,0.0,1,2
0.764849544038896,-5.4,14.8,2,2
0.692283185035159,-1.1,16.6,2,2
0.707563665710186,-6.3,0.0,1,2
0.735206611570248,-15.8,0.0,1,2
0.755447032306536,-11.3,5.4,2,2
0.770899341944918,-12.1,0.0,1,2
0.762049799911071,-15.6,0.0,1,2
0.73687690070078,-14.4,0.0,1,2
0.736617842876165,-7.1,0.4,1,2
0.751186621124074,-2.4,6.5,2,2
0.73865363017771,-9.1,0.9,3,2
0.726850315300365,-2.8,1.0,3,2
0.712905786873676,-1.5,1.9,1,2
0.793719306745358,-12.3,0.0,1,2
0.759202352264939,-11.7,4.4,2,2
0.756272640398248,-3.1,10.9,2,2
0.800998668442077,-8.9,0.0,1,2
0.771800529567519,-3.4,1.3,3,2
0.781850067707061,-12.4,0.0,1,2
0.782723794269442,-13.7,0.0,1,2
0.809365456396335,-14.2,0.8,3,2
0.789578352289232,-2.3,6.6,2,2
0.767186906914953,-5.6,0.0,1,2
0.729307423138713,-5.4,0.0,1,2
0.776514981357531,-14.9,0.0,1,2
0.810695693327023,-17.1,0.0,1,2
0.815358415309117,-15.4,0.0,1,2
0.773726374043246,-10.7,0.0,1,2
0.81582552837859,-5.6,0.2,2,2
0.807919951756639,-11.2,0.0,1,2
0.833513318934485,-11.2,0.0,1,2
0.837618403247631,-14.5,0.0,1,2
0.792796054120096,-7.2,0.0,1,2
0.83883013214677,0.3,0.2,1,2
0.870749208896019,-4.5,0.0,1,2
0.833201848303843,-3.6,0.7,3,2
0.832416151459564,2.4,0.0,1,2
0.873512072820906,6.8,1.9,1,2
0.803707256139724,-4.5,0.0,1,2
0.80326842681809,-5.2,0.0,1,2
0.819811703229875,0.1,0.0,1,2
0.837096701208199,3.3,9.7,2,2
0.800895968143355,1.8,17.2,2,2
0.814893049317383,-4.5,0.0,1,2
0.836669567740063,-3.9,0.0,1,2
0.867970823760344,-0.2,0.0,1,2
0.877657431857852,3.6,0.6,3,2
0.883315474595946,2.0,1.1,1,2
0.899457850064435,-2.2,0.0,1,2
0.949720670391061,2.6,0.0,1,2
0.935109977400371,4.7,0.2,1,2
0.932978340972409,-1.8,0.0,1,2
0.939051666293894,-1.6,3.1,2,2
0.869096369096369,-0.5,16.1,2,2
0.927938219703893,-1.5,6.5,2,2
0.926269497698069,1.0,0.0,1,2
0.890566898597011,2.2,0.0,1,2
0.878406756448299,7.4,0.2,1,2
0.829393674097021,4.3,1.8,1,2
0.833198088540257,4.0,0.0,1,2
0.850533324274746,5.6,0.0,1,2
0.847036328871893,8.8,0.2,1,2
0.76731265869485,11.4,3.5,1,2
0.785364681204387,6.0,8.3,1,2
0.808896174379195,6.8,0.0,1,2
0.807885352001056,6.6,17.3,1,2
0.822806145601486,5.1,0.0,1,2
0.845573095401509,8.9,0.0,1,2
0.862457286540156,3.2,8.3,2,2
0.838737421518878,6.1,0.2,1,2
0.840038045005512,9.3,4.4,1,2
0.867008170146543,16.4,0.0,1,2
0.855614856769415,11.0,0.0,1,2
0.810207232478744,7.1,0.0,1,2
0.813294040602488,8.3,12.7,1,2
0.788565666308613,13.2,25.6,1,2
0.875486127707649,11.2,1.5,1,2
0.862381942639286,7.0,7.4,1,2
0.892063284518828,10.8,0.0,1,2
0.87032478706951,12.0,0.0,1,2
0.817504533438203,12.8,0.5,1,2
0.792105206050216,11.9,0.0,1,2
0.813783760160825,12.3,0.0,1,2
0.807642614693966,15.4,21.3,1,2
0.837882655844297,13.9,1.4,1,2
0.819966188772037,12.2,0.0,1,2
0.839958475712617,0.0,0.0,1,2
0.852931571269948,0.0,0.0,1,2
0.819906878678731,15.9,1.5,1,2
0.81148897667336,10.6,0.0,1,2
0.830593687155722,10.4,0.0,1,2
0.861592608886933,12.2,0.0,1,2
0.876412429378531,14.3,0.0,1,2
0.838711803343511,17.4,0.0,1,2
0.821270991109647,16.9,0.0,1,2
0.860844761382336,23.0,3.7,1,2
0.848794406569231,15.9,13.8,1,2
0.838331791958426,16.1,0.0,1,2
0.806691123168508,16.0,0.8,1,2
0.810639422230051,15.4,3.2,1,2
0.805251976609211,16.6,0.0,1,2
0.832555489822301,18.4,0.0,1,2
0.829723330556408,20.8,0.0,1,2
0.828104531628144,16.6,39.1,2,2
0.801120946577109,19.1,0.2,1,2
0.812696943654833,18.1,8.5,1,2
0.817911044922092,22.1,0.0,1,2
0.792334032917265,22.9,0.0,1,2
0.805374322680526,22.2,0.0,1,2
0.807131643866337,24.1,0.0,1,2
0.793086386433663,22.6,0.0,1,2
0.837431416378784,24.5,0.0,1,2
0.825879921834639,24.6,1.8,1,2
0.827309327275589,19.1,0.0,1,2
0.880619526800387,22.9,0.0,1,2
0.839834435596346,24.5,0.0,1,2
0.862320482036877,23.2,40.4,2,2
0.844491170951185,22.2,0.0,1,2
0.816129032258064,21.5,0.0,1,2
0.824771160583116,22.0,0.0,1,2
0.848361213110295,21.9,0.0,1,2
0.844387523800888,20.5,0.0,1,2
0.826257451775959,25.4,1.0,1,2
0.819906152931068,18.3,0.0,1,2
0.831758200603617,20.5,0.0,1,2
0.81381851884544,18.0,0.0,1,2
0.824013593432783,20.0,0.0,1,2
0.793852196747357,23.3,0.0,1,2
0.76750307071416,25.8,0.0,1,2
0.790901520795897,26.6,2.2,1,2
0.837065416033643,24.0,0.0,1,2
0.834031273666859,20.0,0.0,1,2
0.816313809301186,21.3,0.0,1,2
0.820771001150748,22.6,0.0,1,2
0.81902906603502,22.1,0.2,1,2
0.801421590404264,23.8,14.3,1,2
0.74513541066442,20.1,3.6,1,2
0.797241500483176,22.6,0.7,1,2
0.81459992499283,20.3,0.0,1,2
0.787683220301903,18.5,0.0,1,2
0.803083652268999,17.0,0.5,1,2
0.778569080749424,20.0,0.4,1,2
0.788225674570727,23.1,0.2,1,2
0.792090787023,20.9,0.0,1,2
0.811501390775599,19.8,5.2,1,2
0.79769149143513,21.6,0.2,1,2
0.814594547664525,18.8,0.0,1,2
0.784760614470205,17.5,0.0,1,2
0.795868772782503,18.1,0.0,1,2
0.769314472252448,19.9,13.4,1,2
0.826022660548463,19.8,0.0,1,2
0.787871498239552,18.8,5.6,1,2
0.81169623178482,15.1,0.2,1,2
0.785122514009449,19.2,13.1,1,2
0.807918976732003,14.8,0.0,1,2
0.814666519190355,15.3,0.0,1,2
0.813190440561595,13.2,0.0,1,2
0.84022708840227,11.6,2.6,1,2
0.814213063866323,19.6,2.2,1,2
0.798716672198252,13.0,0.0,1,2
0.812581335333171,12.3,0.0,1,2
0.762488795610065,14.8,0.0,1,2
0.798716672198252,12.7,0.0,1,2
0.803013306939403,11.9,0.0,1,2
0.812938717130597,11.8,0.0,1,2
0.785139100315485,16.9,0.0,1,2
0.859596564809267,21.1,4.3,1,2
0.805761005168419,14.2,0.0,1,2
0.83599231353622,14.1,0.0,1,2
0.821223943818972,14.2,14.4,1,2
0.859418744167444,14.4,0.2,1,2
0.814192322482864,8.3,4.2,1,2
0.811303287572254,12.9,0.0,1,2
0.820007724990343,7.7,0.0,1,2
0.827289881101234,5.7,3.7,1,2
0.796838141898022,6.6,0.2,1,2
0.785498826946709,13.6,11.8,1,2
0.851702055948769,9.8,0.0,1,2
0.851002347841791,9.0,0.0,1,2
0.851166986131469,12.1,0.0,1,2
0.818123948529077,12.1,0.0,1,2
0.781848140122787,7.8,0.0,1,2
0.777729773977898,9.9,7.8,1,2
0.748692056384364,7.7,65.5,2,2
0.777332018981683,6.3,0.0,1,2
0.834793127394099,7.5,0.0,1,2
0.839685896858968,10.7,19.7,1,2
0.857581806356112,12.2,4.4,1,2
0.860580166404317,10.0,0.0,1,2
0.856561065610656,4.8,0.0,1,2
0.844196165525993,8.7,0.4,1,2
0.818474733952032,10.0,0.2,1,2
0.891331416540263,12.3,0.2,1,2
0.855108555387018,12.0,52.3,2,2
0.853286384976525,6.5,3.7,1,2
0.774028240875422,4.8,0.0,1,2
0.783528213304987,6.2,0.0,1,2
0.778348110125991,2.8,0.0,1,2
0.815886671771541,-0.8,0.0,1,2
0.77373963701546,-3.1,0.0,1,2
0.81237016685653,-7.8,0.0,1,2
0.800801271290763,-10.0,0.0,1,2
0.79874171289406,-5.7,0.0,1,2
0.837181429637502,-4.0,0.0,1,2
0.814088145558203,-7.3,0.0,1,2
0.865901845449238,-0.8,0.0,1,2
0.874957930400053,-0.4,0.0,1,2
0.829290834497993,-2.0,0.0,1,2
0.779956770387715,1.1,0.0,1,2
0.845103515538413,0.0,0.0,1,2
0.893774758226923,3.6,0.0,1,2
0.893835843673279,-0.2,16.0,2,2
0.871649553273769,-0.5,0.4,1,2
0.871922821024617,-5.3,0.0,1,2
0.894732251875109,-5.8,0.0,1,2
0.905932538809974,-3.5,0.0,1,2
0.888070886968788,-2.7,1.6,3,2
0.878714076960545,-2.2,1.1,3,2
0.906752268218194,-6.2,0.2,2,2
0.821806633733239,3.9,8.7,2,2
0.766380826737027,0.9,0.5,1,2
0.793962049667716,-6.9,0.4,1,2
0.794519042700481,-6.4,0.0,1,2
0.817040716756852,0.5,3.2,1,2
0.855640451411759,-7.9,0.0,1,2
0.824452933512928,-3.2,0.4,1,2
0.824452933512928,-3.2,0.4,1,2
0.806009302735709,-10.0,1.4,3,2
0.806009302735709,-10.0,1.4,3,2
0.819963992798559,-17.1,0.0,1,2
0.790009829327137,-14.2,0.0,1,2
0.807009448472863,3.0,0.0,1,2
0.811829154233287,-3.3,0.0,1,2
0.82063634326686,-2.8,9.4,2,2
0.853289054681102,-0.8,6.2,2,2
0.853289054681102,-0.8,6.2,2,2
0.755730928222472,-14.65,0.0,1,2
0.754624386560966,-1.65,0.0,1,2
0.744584239901617,-4.45,2.0,3,2
0.730234979530987,-7.05,2.0,3,2
0.705722564288301,-11.2,0.0,1,2
0.702863934538639,-17.15,0.0,1,2
0.667054343116462,-14.35,6.0,2,2
0.694126777602775,-8.7,1.0,3,2
0.726863021805435,-11.6,0.0,1,2
0.726657707113733,-12.7,8.0,2,2
0.725927279371459,-14.25,2.5,2,2
0.708653889925797,-15.5,2.0,3,2
0.726346035438188,-17.6,0.0,1,2
0.687763227543669,-26.05,0.0,1,2
0.705474461133441,-22.0,2.0,3,2
0.742708504978696,-14.75,0.0,1,2
0.761540453379157,-22.45,0.0,1,2
0.738000517878581,-17.85,1.8,3,2
0.756832466279042,-15.3,0.0,1,2
0.761865582171654,-15.3,0.0,1,2
0.79920435018008,-11.1,0.0,1,2
0.797454528185401,0.85,7.4,2,2
0.797454528185401,-3.05,0.0,1,2
0.780542879992473,-12.55,1.0,3,2
0.790863802989002,-3.45,0.0,1,2
0.822344580921455,-6.95,0.0,1,2
0.799167019624452,-4.6,0.0,1,2
0.82469763282978,1.4,0.0,1,2
0.785166360769918,2.0,0.0,1,2
0.774414888617351,-15.5,0.0,1,2
0.830580262600592,-13.5,0.0,1,2
0.770211967735884,-7.25,10.0,2,2
0.792931432067391,4.0,31.0,2,2
0.77881312061744,-10.3,0.0,1,2
0.820504053922047,-0.5,0.0,3,2
0.779910257035555,-15.0,0.0,2,2
0.80502546854817,-4.6,0.0,2,2
0.765315601623233,-15.9,0.0,1,2
0.78038603255167,-13.4,0.0,3,2
0.718801956579359,-16.5,0.0,1,2
0.737553720604568,-12.5,6.0,3,2
0.756622196442382,-7.2,0.5,2,2
0.68895011600928,-13.4,0.0,1,2
0.645446635730858,-13.2,0.0,1,2
0.718177207853365,0.6,11.1,3,2
0.744223704563031,-4.0,0.0,1,2
0.713810396373806,-1.3,0.0,1,2
0.727619876256767,-2.3,0.0,1,2
0.708284996133024,-6.3,3.8,3,2
0.76164601898138,0.1,1.0,2,2
0.732453596287703,-0.7,0.0,3,2
0.742121036349574,-1.4,0.0,1,2
0.737287316318638,6.2,0.0,1,2
0.727619876256767,7.6,8.0,1,2
0.706398554635256,4.1,0.0,1,2
0.735962833478026,0.4,0.0,1,2
0.717191862784204,3.2,26.2,1,2
0.736117624988274,3.3,7.4,2,2
0.735962833478026,1.6,2.2,1,2
0.838534733520682,-8.0,0.0,1,2
0.871971636793382,-5.0,0.0,1,2
0.871813834245427,-1.6,3.7,1,2
0.873046393531528,5.5,2.5,1,2
0.891534782823053,6.3,0.0,2,2
0.916307692307692,5.1,0.0,1,2
0.906346272335181,6.2,0.0,1,2
0.896615384615384,5.1,0.0,1,2
0.876771410967344,6.8,0.0,2,2
0.896487985212569,4.7,1.0,1,2
0.820507067534215,7.1,0.0,1,2
0.84045072669708,11.1,0.0,1,2
0.820730523118293,7.2,6.6,1,2
0.800563408371351,6.8,0.0,1,2
0.721136369295122,4.2,1.2,1,2
0.741729613840899,4.5,0.0,1,2
0.800563408371351,5.8,0.0,1,2
0.790591578789918,7.9,0.0,1,2
0.920213429077218,13.7,3.6,1,2
0.890293464981175,12.8,0.2,1,2
0.879224045620937,5.5,10.4,1,2
0.880320143615827,6.0,0.0,1,2
0.900855124550749,7.5,0.0,1,2
0.900224494886505,10.1,0.0,1,2
0.880269393863806,11.9,0.0,2,2
0.880269393863806,11.4,0.0,1,2
0.880269393863806,13.2,0.0,1,2
0.860314292841107,11.3,0.0,1,2
0.880269393863806,14.6,0.0,1,2
0.850336742329758,17.9,0.0,1,2
0.860314292841107,18.8,0.0,1,2
0.81042654028436,22.2,0.0,1,2
0.765527562983287,23.6,0.0,1,2
0.817984534796707,16.9,7.2,2,2
0.837939635819406,10.4,0.0,1,2
0.808006984285357,13.4,0.0,1,2
0.798029433774008,11.4,7.3,1,2
0.798029433774008,16.6,0.0,1,2
0.830296920381171,14.5,0.0,1,2
0.81083425707263,17.7,0.4,1,2
0.835669405509908,15.3,0.0,1,2
0.866272189349112,18.7,31.2,1,2
0.824915420975598,20.5,0.0,1,2
0.862346138157736,12.5,0.0,1,2
0.83465223816561,13.4,0.0,1,2
0.889008488881277,15.0,0.0,1,2
0.831122039097305,17.7,0.0,1,2
0.827767708617821,16.8,0.0,1,2
0.786985053771489,18.4,17.5,1,2
0.806946627741597,18.4,7.8,1,2
0.786985053771489,13.7,14.8,1,2
0.768324152647511,16.3,0.0,1,2
0.826344946448356,17.8,0.0,1,2
0.802339037301489,19.9,0.0,1,2
0.822036193524559,19.3,0.0,1,2
0.807878862489228,19.5,24.9,1,2
0.721703804013295,20.4,5.9,1,2
0.721703804013295,20.4,5.9,1,2
0.795007619185835,18.5,0.0,1,2
0.810615055806221,12.7,14.8,1,2
0.824753559693318,17.8,0.0,1,2
0.791023509855141,19.4,0.0,1,2
0.767272063521036,18.6,0.0,1,2
0.781553622651984,16.9,7.4,1,2
0.814806450155833,18.6,0.0,1,2
0.783876262918179,19.1,2.8,1,2
0.74856296812402,19.9,0.0,1,2
0.770931196463111,20.4,0.0,1,2
0.738489337021504,22.3,0.0,1,2
0.824287155038049,23.9,10.8,1,2
0.830728426636354,23.9,2.8,1,2
0.841380727347442,21.8,0.0,1,2
0.83944037308461,17.3,0.0,3,2
0.794902356284954,21.5,0.0,1,2
0.801613385121003,24.2,29.8,1,2
0.777381239450205,24.3,0.0,2,2
0.769527660356552,24.6,0.0,1,2
0.748139613039512,26.9,0.0,1,2
0.721773544097006,25.3,0.0,1,2
0.769774994200881,23.2,0.0,1,2
0.744961364730699,21.4,0.0,1,2
0.796150564141462,22.7,0.0,1,2
0.770973135148753,22.8,0.0,1,2
0.764488570768875,22.0,0.0,1,2
0.763905186575921,22.6,0.0,1,2
0.755852764745699,21.8,0.0,1,2
0.780230212412483,24.3,0.0,1,2
0.736376437455996,23.4,0.0,1,2
0.777441419790174,15.9,20.0,1,2
0.776796681267236,16.2,0.0,1,2
0.777698273474286,20.9,0.0,1,2
0.76020138393986,21.1,0.0,1,2
0.741185417338802,17.7,0.0,1,2
0.750100479939475,21.4,0.0,1,2
0.771531926033461,20.8,0.0,1,2
0.734600061293288,22.5,0.0,3,2
0.771531926033461,20.7,0.0,1,2
0.708933852870757,20.1,0.0,1,2
0.756668226485727,25.5,19.6,1,2
0.772818704593321,18.3,14.8,1,2
0.772684220496306,22.4,0.0,1,2
0.761650910986329,22.5,0.0,1,2
0.787470186790091,17.4,0.0,1,2
0.765404318475606,22.6,0.0,1,2
0.790336414752692,26.2,0.0,1,2
0.770191985445492,21.1,0.0,1,2
0.785734691934101,14.1,0.0,1,2
0.8086536391686,19.4,0.0,1,2
0.763867129850373,18.8,0.0,1,2
0.757303421402347,21.8,0.0,1,2
0.799146372081345,21.7,0.0,1,2
0.737449912205663,24.3,0.0,1,2
0.786258182303958,21.3,0.0,1,2
0.801385785541788,17.9,0.0,2,2
0.804039459327053,16.7,0.0,1,2
0.8014977894072,13.9,0.0,1,2
0.821921467367108,14.4,0.0,1,2
0.747428086853674,14.2,0.0,2,2
0.765458802542089,16.8,4.4,1,2
0.800915280723295,10.2,0.0,1,2
0.761217306064251,10.0,0.0,1,2
0.76187522155264,16.2,9.3,1,2
0.821687284074445,12.0,1.0,1,2
0.803540731810774,12.6,0.0,1,2
0.785862461243336,11.2,0.0,1,2
0.792292180147882,11.6,0.0,1,2
0.792292180147882,14.6,0.0,1,2
0.774367017701098,16.3,0.0,1,2
0.753274167555666,10.3,0.6,1,2
0.74002719854941,11.7,0.0,1,2
0.770327289314631,16.0,0.0,1,2
0.770520942527687,14.9,28.6,1,2
0.717014993184915,14.1,0.0,1,2
0.716623111010112,8.7,0.0,1,2
0.716944728180683,6.3,0.0,3,2
0.698785608897968,7.6,0.0,1,2
0.716623111010112,6.2,0.0,1,2
0.680263606408362,9.6,0.0,1,2
0.758302666848394,15.5,0.0,1,2
0.769570635550017,16.2,0.0,1,2
0.76939821323296,18.1,0.0,1,2
0.774204506850866,11.8,0.0,1,2
0.769528859881705,6.6,0.0,1,2
0.839941697601858,11.2,0.0,1,2
0.838733363928407,12.7,1.0,1,2
0.856557188262932,11.8,0.4,1,2
0.842658707381471,9.4,0.0,1,2
0.816057560529922,14.7,0.0,1,2
0.798645432912319,14.1,0.0,1,2
0.834433278910938,6.7,0.0,1,2
0.834627222196701,4.3,0.0,1,2
0.793483249196879,10.6,0.0,1,2
0.886977553742173,0.8,0.0,1,2
0.885331620952206,1.1,10.0,1,2
0.862587028215463,0.8,0.0,3,2
0.835432332975246,0.1,0.5,1,2
0.76956693554011,-2.8,3.0,1,2
0.76956693554011,-2.8,3.0,1,2
0.82045438850908,-2.4,0.0,3,2
0.872337407503723,-4.1,0.0,1,2
0.819126240608477,0.9,0.0,1,2
0.866539782749976,-0.6,0.0,1,2
0.820156405912793,1.8,0.0,1,2
0.757030397324849,2.1,0.0,1,2
0.792314001171646,-0.6,0.0,1,2
0.761962194131972,5.6,13.0,1,2
0.798261320265749,0.4,0.0,1,2
0.811585736318175,1.5,0.0,1,2
0.850742787844865,2.8,0.0,1,2
0.832218674993591,2.9,30.0,1,2
0.812334326397522,6.2,0.0,1,2
0.869317651451507,5.1,0.0,1,2
0.83188960750893,1.4,0.0,1,2
0.871214037669894,-3.4,0.0,1,2
0.886685552407932,-0.7,0.0,1,2
0.870679656692182,-2.0,0.0,1,2
0.905459702198061,2.1,3.0,1,2
0.852320188291759,1.5,31.0,1,2
0.764971751412429,-2.3,0.0,1,2
0.785474860335195,-5.1,0.0,1,2
0.803505638048453,-3.6,0.0,1,2
0.785604216450409,-3.1,11.5,1,2
0.741488747836122,8.6,0.0,1,2
0.714190018979569,-1.1,2.0,3,2
0.697273233166388,0.2,0.0,1,2
0.707975908012411,2.4,6.0,2,2
0.724502203982368,-4.9,3.6,2,0
0.776572585265248,-1.0,0.2,1,0
0.732129190264809,3.6,0.0,1,0
0.757575757575757,-1.4,2.8,1,0
0.778625954198473,5.3,3.8,1,0
0.762250315089943,-1.3,0.0,1,0
0.768491945050319,-8.0,0.0,1,0
0.76981318723129,-10.7,0.0,1,0
0.658961727927245,-4.3,0.0,1,0
0.678914769920583,-2.0,0.0,1,0
0.616203070375437,-6.3,0.4,1,0
0.700448396412828,-8.4,0.6,3,0
0.667768657850737,-5.4,1.6,3,0
0.713508093396361,-16.7,0.0,1,0
0.731617119057877,-9.9,0.2,2,0
0.6869039478893,2.5,10.8,2,0
0.669872254916032,-0.4,0.6,3,0
0.729043577899523,-7.6,0.8,3,0
0.719171917191719,-12.7,19.6,2,0
0.656627798841118,-8.8,4.8,2,0
0.684304932735426,-19.0,0.2,2,0
0.674735899731423,-18.6,0.0,1,0
0.684870188003581,-14.6,0.0,1,0
0.697944593386952,9.2,2.2,1,0
0.741472172351885,1.3,0.0,1,0
0.767989849555918,-3.9,16.8,2,0
0.789097408400357,0.2,0.6,3,0
0.769576957695769,-2.2,0.4,1,0
0.70625,-5.2,0.8,3,0
0.690048939641109,-3.6,18.2,2,0
0.672298021287234,-2.2,5.0,2,0
0.617843494410514,-2.0,0.2,2,0
0.682268226822682,-0.5,1.4,1,0
0.680623527279318,-10.1,2.4,2,0
0.654440848615605,-9.9,0.0,1,0
0.653506399855778,-5.9,1.2,3,0
0.682350820263205,-0.1,0.0,1,0
0.703984135568775,-1.7,0.0,1,0
0.757219054625712,-5.6,1.0,3,0
0.755935211892611,-8.2,0.0,1,0
0.76414225170444,-10.6,17.6,2,0
0.793624470241385,-12.1,0.0,1,0
0.793624470241385,-7.0,0.0,1,0
0.705882352941176,-11.0,0.0,1,0
0.712442396313364,-12.0,0.0,1,0
0.721284097235108,-12.0,0.0,1,0
0.734660033167495,-10.0,0.0,1,0
0.711506392440244,-8.1,0.0,1,0
0.675695596093606,0.0,0.0,1,0
0.646864079455582,0.1,0.0,1,0
0.624087860249133,0.7,0.4,1,0
0.624793084421556,5.2,9.0,2,0
0.652367790676248,4.9,0.0,1,0
0.712399985251281,-0.3,0.0,1,0
0.718737278413086,0.9,0.6,3,0
0.740471600177962,4.6,0.0,1,0
0.747980134904751,5.4,1.2,1,0
0.703506041064413,-0.4,0.0,1,0
0.814694532533527,-0.6,0.0,1,0
0.815308453922315,0.2,0.0,1,0
0.78794131132508,1.9,0.0,1,0
0.815153594023934,5.3,0.4,1,0
0.776700511489426,7.5,0.0,1,0
0.838002668191347,-1.1,0.0,1,0
0.823428896905259,4.7,0.0,1,0
0.815834440858173,3.5,0.4,1,0
0.832921966964116,1.8,0.0,1,0
0.784800458277639,2.0,0.0,1,0
0.839878002287457,10.1,0.0,1,0
0.84090909090909,6.4,0.0,1,0
0.831907090464547,4.1,0.0,1,0
0.810131389078757,1.6,0.8,3,0
0.803044719314938,9.0,1.8,1,0
0.77864932083413,4.9,1.2,1,0
0.823775847490199,3.4,0.4,1,0
0.793353543881192,7.4,0.6,1,0
0.824504325193294,13.9,1.8,1,0
0.748291528270912,10.4,2.2,1,0
0.816625916870415,8.7,0.0,1,0
0.702097527367373,7.6,0.8,2,0
0.731247354039179,8.1,18.0,1,0
0.7260586691017,3.2,0.8,3,0
0.742424242424242,6.4,1.2,1,0
0.752675521821631,6.7,14.6,1,0
0.72719005759321,7.5,1.8,1,0
0.756338993375466,8.8,13.4,1,0
0.726993516096007,15.2,0.0,1,0
0.742160542979562,9.7,2.6,1,0
0.757575757575757,7.2,0.0,1,0
0.727272727272727,12.0,6.2,1,0
0.727272727272727,9.9,7.4,1,0
0.742414485397174,0.0,7.6,2,0
0.787878787878787,11.0,0.4,1,0
0.772727272727272,12.6,0.8,1,0
0.803030303030303,11.0,0.0,1,0
0.803030303030303,13.6,0.0,1,0
0.753676470588235,11.6,0.0,1,0
0.809138593380614,11.3,0.6,1,0
0.752913409057383,17.2,0.8,1,0
0.764991359976469,16.6,0.0,1,0
0.811842833425567,16.7,0.6,1,0
0.819408100836619,11.3,4.6,1,0
0.823028426059064,13.1,0.6,1,0
0.841011609849885,16.3,0.0,1,0
0.841754682957347,13.8,0.0,1,0
0.726098574821852,11.6,0.0,1,0
0.697446555819477,12.2,0.0,1,0
0.721570665083135,14.6,11.2,1,0
0.705621577319971,18.7,0.0,1,0
0.692529906299766,19.0,0.0,1,0
0.699925925925925,15.7,14.8,1,0
0.724264705882352,16.5,0.0,1,0
0.724082113163122,16.0,0.0,1,0
0.672215674720094,14.6,22.8,1,0
0.676470588235294,16.8,0.2,1,0
0.721925527604876,17.8,0.0,1,0
0.782632722985668,20.3,0.0,1,0
0.752053936558228,20.8,0.0,1,0
0.760112193681724,18.9,26.0,1,0
0.7531773807331,18.8,0.0,1,0
0.708670136197541,20.3,16.0,1,0
0.734199645599527,21.3,0.0,1,0
0.723124630832841,23.7,1.2,1,0
0.79293003993492,23.0,0.0,1,0
0.613381931788596,23.4,12.0,1,0
0.67037037037037,23.3,0.6,1,0
0.669673013398656,23.9,0.0,1,0
0.640647575297299,23.7,0.0,1,0
0.639980699996288,26.1,1.6,1,0
0.635694572217111,20.2,0.0,1,0
0.704807940666396,21.4,0.0,1,0
0.731617647058823,22.3,0.4,1,0
0.734806629834254,23.8,1.6,1,0
0.656362090004807,20.5,0.0,1,0
0.670825971731448,21.2,0.0,1,0
0.704357153425062,25.2,3.6,1,0
0.730324629759574,25.1,67.0,2,0
0.698709226639208,25.2,0.0,1,0
0.650896377296734,26.5,0.2,1,0
0.672169117647058,20.7,5.2,1,0
0.67148851590106,20.6,0.0,1,0
0.669064220183486,21.0,0.0,1,0
0.591916123295791,22.5,1.2,1,0
0.547794117647058,23.3,0.0,1,0
0.520220588235294,26.4,0.0,1,0
0.55409787735849,24.4,11.2,1,0
0.524739343477139,21.8,0.0,1,0
0.612345861330576,20.8,0.0,1,0
0.529766976623569,21.5,0.0,1,0
0.613871216857279,24.0,3.6,1,0
0.617548633839591,22.6,0.0,1,0
0.616844121873042,21.8,2.0,1,0
0.616844121873042,20.1,0.0,1,0
0.650852483320978,24.3,3.2,1,0
0.650723025583982,23.5,0.0,1,0
0.650852483320978,21.2,0.0,1,0
0.650632348032489,19.6,1.4,1,0
0.62166364343094,20.8,0.0,1,0
0.686234817813765,22.9,0.0,1,0
0.687154950312845,22.2,2.2,1,0
0.71784752701656,24.9,0.6,1,0
0.701437523037228,20.1,0.0,1,0
0.679793890320206,18.8,0.0,1,0
0.660265388868411,20.2,0.0,1,0
0.723379928447608,20.0,9.2,1,0
0.723379928447608,21.9,0.0,1,0
0.745509534171799,20.3,0.0,1,0
0.729089563286454,19.9,0.0,1,0
0.702210903185324,18.2,7.2,1,0
0.793449395101799,16.9,0.0,1,0
0.841404492309962,16.3,0.0,1,0
0.827205882352941,16.8,1.2,1,0
0.694234665684288,13.8,0.0,1,0
0.723451327433628,17.6,18.2,1,0
0.750821973475193,23.2,1.0,1,0
0.765374848183725,16.6,0.8,1,0
0.677692647708855,17.7,5.6,1,0
0.653571428571428,15.6,0.2,1,0
0.667524667524667,16.9,0.0,1,0
0.699688963569411,17.6,0.0,1,0
0.746174746174746,19.3,0.0,1,0
0.736535714285714,18.7,0.0,1,0
0.703571428571428,20.1,0.2,1,0
0.760714285714285,17.2,0.0,1,0
0.746174746174746,19.7,0.0,1,0
0.732142857142857,16.9,3.2,1,0
0.725,15.8,0.0,1,0
0.727691977691977,14.9,0.0,1,0
0.698214285714285,23.1,12.0,1,0
0.715787215787215,14.3,10.2,1,0
0.714285714285714,10.2,2.8,1,0
0.694337194337194,8.0,0.0,1,0
0.716911764705882,12.7,0.0,1,0
0.694527253321556,12.3,0.0,1,0
0.790225231856322,11.1,0.0,1,0
0.768373837273429,12.0,0.0,1,0
0.827021456700158,13.9,0.0,1,0
0.799048707643523,8.6,0.0,1,0
0.760491451409962,10.0,18.2,1,0
0.790096958034194,7.7,0.0,1,0
0.745679286480885,7.3,0.0,1,0
0.833463445995591,10.6,1.4,1,0
0.831666781601268,12.9,10.6,1,0
0.84724358827176,10.4,0.0,1,0
0.845200101026335,9.1,0.6,1,0
0.818423952975753,7.9,0.0,1,0
0.76923614834153,10.4,0.0,1,0
0.762503821101888,11.2,0.0,1,0
0.801878656504207,7.7,20.6,1,0
0.759075598802395,7.3,18.8,1,0
0.675211287280854,3.3,0.0,1,0
0.782136348768749,7.3,1.0,1,0
0.773375075931031,4.5,0.0,1,0
0.749136563054233,1.4,0.6,3,0
0.76252008102256,-0.2,3.6,1,0
0.773380370534775,-2.6,0.0,1,0
0.740745065981548,-7.6,0.2,2,0
0.760269987198882,-7.8,1.8,3,0
0.724832684280484,-1.0,0.4,1,0
0.723734317688012,-1.6,0.0,1,0
0.761576716125876,0.5,9.2,2,0
0.780478881255335,2.3,0.2,1,0
0.795014926593874,3.7,0.0,1,0
0.778751997377801,4.8,4.2,1,0
0.79267299311693,3.9,0.0,1,0
0.796901087266359,4.8,0.0,1,0
0.818788940017103,6.4,0.0,1,0
0.818204101642291,7.1,6.4,1,0
0.831779194616934,1.5,0.0,1,0
0.831418581418581,-2.1,0.0,1,0
0.774253538588697,-4.0,6.2,2,0
0.795216312129479,-4.3,0.6,3,0
0.82551457527949,1.3,0.0,1,0
0.819377740655669,-0.9,0.4,1,0
0.793414298234631,-2.9,5.4,2,0
0.8270689224102,7.6,6.0,1,0
0.790849809371028,1.5,0.6,3,0
0.775858111632759,-5.7,0.0,1,0
0.801037521615033,-5.0,0.0,1,0
0.843230701699379,2.3,0.0,1,0
0.827079730827725,-2.3,0.0,1,0
0.859364832812073,-1.2,0.0,1,0
0.859364832812073,-1.2,0.0,1,0
0.826870528357773,-9.1,0.8,3,0
0.826870528357773,-9.1,0.8,3,0
0.734375652319124,-11.4,1.6,3,0
0.821354166666666,-7.4,0.0,1,0
0.777083333333333,4.5,0.0,1,0
0.77556371263765,-1.4,0.0,1,0
0.760411675243234,5.6,8.0,1,0
0.773481701079354,0.4,2.0,1,0
0.773481701079354,0.4,2.0,1,0
0.722972972972973,-2.7,0.0,1,0
0.689189189189189,-0.9,0.8,3,0
0.729729729729729,0.0,0.0,1,0
0.716216216216216,0.0,0.0,1,0
0.742857142857142,-12.8,0.2,2,0
0.742857142857142,-12.5,0.2,2,0
0.771428571428571,-1.0,0.0,1,0
0.742857142857142,-1.4,0.0,1,0
0.771428571428571,-10.4,0.0,1,0
0.527777777777777,-4.4,28.8,2,0
0.694444444444444,-6.3,1.2,3,0
0.75,-2.6,0.0,1,0
0.762152777777777,-13.8,0.0,1,0
0.75,-14.9,0.0,1,0
0.760694444444444,-11.6,3.6,2,0
0.754618055555555,-11.4,0.0,1,0
0.784722222222222,0.0,0.0,1,0
0.784722222222222,-8.9,0.4,1,0
0.777777777777777,-11.2,0.0,1,0
0.694444444444444,-4.0,0.0,1,0
0.777777777777777,-2.2,0.0,1,0
0.777777777777777,0.8,11.4,2,0
0.756944444444444,-6.8,4.2,2,0
0.777777777777777,-12.3,0.4,1,0
0.700367647058823,0.0,0.0,1,0
0.705882352941176,-3.0,0.0,1,0
0.676470588235294,0.3,0.0,1,0
0.735294117647058,1.0,0.0,1,0
0.735294117647058,1.1,5.0,1,0
0.683823529411764,-13.1,0.0,1,0
0.683823529411764,-7.3,0.0,1,0
0.683823529411764,3.5,0.2,1,0
0.742647058823529,1.0,36.2,2,0
0.654411764705882,-7.7,5.0,2,0
0.685714285714285,0.8,0.0,1,0
0.714285714285714,0.6,9.4,1,0
0.714285714285714,-0.8,0.0,1,0
0.685714285714285,-5.8,0.0,1,0
0.657142857142857,-5.8,4.2,2,0
0.685714285714285,-10.4,0.0,1,0
0.714285714285714,-2.1,0.0,3,0
0.707142857142857,0.6,0.8,1,0
0.714285714285714,-6.7,0.0,3,0
0.664285714285714,-3.3,0.0,1,0
0.638888888888888,1.4,5.6,3,0
0.708333333333333,-0.3,0.4,1,0
0.743055555555555,2.7,0.0,1,0
0.743055555555555,0.1,0.0,1,0
0.743055555555555,-0.3,4.8,1,0
0.777777777777777,3.1,0.0,1,0
0.715277777777777,1.4,10.6,1,0
0.75,4.3,0.0,1,0
0.777777777777777,9.1,0.0,1,0
0.777777777777777,5.5,0.0,1,0
0.783783783783783,3.8,0.0,1,0
0.756756756756756,2.2,0.0,1,0
0.756756756756756,1.4,20.4,1,0
0.722972972972973,9.8,0.0,1,0
0.675675675675675,4.4,0.0,1,0
0.786655405405405,-3.6,0.2,3,0
0.791385135135135,-3.0,0.0,1,0
0.891891891891891,0.7,2.6,1,0
0.864864864864864,11.8,1.0,1,0
0.858108108108108,2.5,1.0,3,0
0.891891891891891,3.0,0.0,1,0
0.864864864864864,5.3,1.0,1,0
0.864864864864864,8.5,6.6,1,0
0.891891891891891,9.4,1.6,1,0
0.837837837837837,6.8,1.8,1,0
0.888888888888888,6.0,0.0,1,0
0.861111111111111,8.7,0.0,1,0
0.861111111111111,12.8,3.2,1,0
0.888888888888888,11.7,0.6,1,0
0.777777777777777,4.4,0.6,3,0
0.777777777777777,5.3,0.0,1,0
0.722222222222222,11.4,6.2,1,0
0.776041666666666,7.6,0.0,1,0
0.826388888888888,14.1,10.0,1,0
0.805555555555555,6.6,2.8,1,0
0.722222222222222,2.9,0.0,1,0
0.777777777777777,6.3,0.0,1,0
0.777777777777777,6.9,0.0,1,0
0.75,9.6,0.2,1,0
0.770833333333333,9.5,13.0,1,0
0.8009375,11.9,8.6,1,0
0.722222222222222,9.2,0.0,1,0
0.722222222222222,9.8,0.0,1,0
0.755641891891891,11.3,0.0,1,0
0.75,13.1,0.0,1,0
0.767466216216216,14.1,0.0,1,0
0.742398648648648,14.5,0.0,1,0
0.735641891891891,14.8,0.0,1,0
0.673986486486486,13.2,10.8,2,0
0.756756756756756,9.6,0.0,1,0
0.702702702702702,9.6,0.0,1,0
0.729729729729729,15.1,0.2,1,0
0.702702702702702,19.1,0.0,1,0
0.701182432432432,11.1,0.0,1,0
0.702702702702702,14.8,0.2,1,0
0.729729729729729,18.1,2.4,1,0
0.686655405405405,16.6,1.8,1,0
0.776979166666666,20.3,0.0,1,0
0.798611111111111,21.9,0.0,1,0
0.75,18.4,4.2,1,0
0.75,13.6,0.0,1,0
0.722222222222222,15.5,0.2,1,0
0.714285714285714,18.2,9.2,1,0
0.770535714285714,17.7,12.6,1,0
0.8,16.9,3.6,1,0
0.771428571428571,16.4,4.0,1,0
0.771428571428571,16.6,0.0,1,0
0.657142857142857,17.7,0.0,1,0
0.628571428571428,18.3,0.0,1,0
0.685714285714285,20.9,0.0,1,0
0.714285714285714,24.1,0.0,1,0
0.705882352941176,20.1,0.0,1,0
0.705882352941176,20.1,0.0,1,0
0.685714285714285,16.0,0.0,1,0
0.657142857142857,22.2,0.0,1,0
0.671428571428571,22.2,0.0,1,0
0.65,19.9,0.0,1,0
0.628571428571428,21.2,0.0,1,0
0.685714285714285,17.5,0.0,1,0
0.75,18.8,4.2,1,0
0.771428571428571,21.1,0.0,1,0
0.685714285714285,19.5,7.4,1,0
0.65625,20.6,0.0,1,0
0.638888888888888,19.9,0.0,1,0
0.638888888888888,22.1,0.0,1,0
0.583333333333333,24.2,0.4,1,0
0.666666666666666,23.5,0.0,1,0
0.694444444444444,20.8,0.0,1,0
0.694444444444444,19.3,0.0,1,0
0.694444444444444,20.9,0.0,1,0
0.6,21.3,16.0,1,0
0.657142857142857,24.4,0.0,1,0
0.6,26.1,0.0,1,0
0.628571428571428,26.0,0.0,1,0
0.657142857142857,25.1,0.0,1,0
0.764705882352941,22.6,0.0,1,0
0.794117647058823,21.4,0.0,1,0
0.852941176470588,22.7,0.0,1,0
0.852941176470588,23.6,0.8,1,0
0.823529411764705,20.8,0.0,1,0
0.762962962962963,22.2,0.0,1,0
0.764705882352941,24.6,1.0,1,0
0.764705882352941,24.0,15.0,1,0
0.764705882352941,23.2,0.0,1,0
0.694444444444444,23.3,2.0,1,0
0.625,20.4,0.0,1,0
0.705685618729097,23.5,0.0,1,0
0.729729729729729,22.4,0.0,1,0
0.729729729729729,21.0,0.0,1,0
0.695945945945945,20.4,0.0,1,0
0.729729729729729,20.7,0.0,1,0
0.729729729729729,19.0,24.0,1,0
0.729729729729729,21.4,1.6,1,0
0.702702702702702,22.8,0.8,1,0
0.668918918918919,19.8,12.2,1,0
0.729729729729729,23.0,0.0,1,0
0.702702702702702,23.5,0.0,1,0
0.729729729729729,23.3,5.8,1,0
0.721283783783783,21.3,0.0,2,0
0.81081081081081,23.9,1.8,1,0
0.837837837837837,26.2,3.0,1,0
0.858952702702702,21.8,0.0,1,0
0.837837837837837,18.5,0.0,1,0
0.81081081081081,23.5,0.0,1,0
0.742857142857142,21.3,0.0,1,0
0.8,21.6,0.0,1,0
0.742857142857142,21.3,0.0,1,0
0.771428571428571,23.7,0.0,1,0
0.685714285714285,20.5,5.2,1,0
0.742857142857142,18.5,0.4,1,0
0.726785714285714,20.7,0.0,1,0
0.657142857142857,15.0,0.0,1,0
0.657142857142857,20.3,0.0,1,0
0.794117647058823,21.2,0.0,1,0
0.794117647058823,20.8,0.0,1,0
0.75735294117647,14.7,0.2,1,0
0.784926470588235,13.6,0.0,1,0
0.731617647058823,13.9,2.4,1,0
0.848970588235294,13.0,1.8,1,0
0.850183823529411,12.1,0.0,1,0
0.852941176470588,12.4,0.0,1,0
0.786931818181818,13.1,0.0,1,0
0.845,15.3,0.0,1,0
0.814090909090909,16.5,0.4,1,0
0.752840909090909,8.1,0.2,1,0
0.848484848484848,14.4,0.0,1,0
0.818181818181818,17.2,4.8,1,0
0.787878787878787,14.0,11.4,1,0
0.666666666666666,10.8,0.4,1,0
0.675,8.3,0.8,1,0
0.675,6.5,2.0,1,0
0.7,6.4,1.4,1,0
0.725,7.3,0.6,1,0
0.725,11.4,0.0,1,0
0.8,14.4,0.0,1,0
0.830910532575657,15.2,0.0,1,0
0.831461169111492,15.1,9.4,1,0
0.832562442183163,9.6,0.0,1,0
0.868957687437229,9.0,0.0,1,0
0.727436590704261,11.8,3.4,1,0
0.896103896103896,13.3,10.4,1,0
0.861471861471861,12.3,0.0,1,0
0.857142857142857,13.7,0.0,1,0
0.875,16.2,0.0,1,0
0.721739130434782,12.6,0.0,1,0
0.75591304347826,7.1,0.0,1,0
0.756521739130434,8.5,0.0,1,0
0.771471861471861,13.9,0.0,1,0
0.75,3.0,0.0,1,0
0.758081896551724,3.0,4.2,1,0
0.792564655172413,2.1,5.0,2,0
0.809590517241379,2.6,0.4,2,0
0.751077586206896,0.7,0.0,1,0
0.751077586206896,0.7,0.0,1,0
0.798245614035087,3.1,0.0,1,0
0.805921052631579,2.2,0.0,1,0
0.736842105263157,4.4,0.0,1,0
0.783377192982456,5.0,0.0,1,0
0.785538461538461,6.3,0.2,1,0
0.872727272727272,4.2,0.0,1,0
0.872727272727272,5.4,0.0,1,0
0.807954545454545,8.8,13.0,1,0
0.781818181818181,2.0,0.0,1,0
0.759090909090909,4.4,2.8,1,0
0.763367463026166,4.0,0.0,1,0
0.818181818181818,4.9,0.6,1,0
0.836363636363636,6.2,0.2,1,0
0.836363636363636,6.1,0.0,1,0
0.781818181818181,3.3,0.0,1,0
0.803571428571428,0.8,0.0,1,0
0.821428571428571,1.4,0.0,1,0
0.803571428571428,-0.4,0.0,1,0
0.776785714285714,1.4,28.8,2,0
0.741071428571428,3.8,3.2,1,0
0.763392857142857,0.5,0.0,1,0
0.763392857142857,-0.3,0.0,1,0
0.816964285714285,1.2,0.0,1,0
0.8125,2.4,9.8,1,0
0.732142857142857,0.1,11.2,1,0
0.767857142857142,3.2,0.0,1,0
0.803571428571428,4.8,0.0,1,0
0.767857142857142,8.4,5.8,1,0
0.70742223591007,2.0,0.0,1,1
0.749123211222896,-2.2,0.0,1,1
0.764489043620725,-7.9,0.0,1,1
0.80724082540467,-11.1,0.0,1,1
0.797355739527987,-16.5,0.0,1,1
0.787465401344404,-11.8,0.0,1,1
0.742975063638385,-13.7,0.0,1,1
0.808306709265175,-9.3,0.0,1,1
0.722698396692548,-8.3,0.0,1,1
0.769319492502883,-9.8,0.0,1,1
0.729099255022951,-9.5,0.0,1,1
0.742487059974763,-14.5,2.2,2,1
0.726221079691516,-15.6,0.2,2,1
0.718129404228058,-10.7,0.0,1,1
0.797375530683133,-9.2,0.0,1,1
0.815856777493606,-14.5,0.0,1,1
0.80429016558082,-14.0,2.0,3,1
0.785166240409207,-1.7,0.0,1,1
0.783783783783783,-7.3,0.0,1,1
0.814662273476112,-13.8,0.0,1,1
0.82495881383855,-7.7,0.0,1,1
0.804365733113673,-3.7,0.2,2,1
0.788920922570016,-11.0,0.2,2,1
0.743274898962596,-28.6,0.0,1,1
0.716253088962108,-29.5,0.0,1,1
0.756795716639209,-25.1,0.0,1,1
0.741350906095551,-24.6,0.4,1,1
0.725906095551894,-21.6,0.2,2,1
0.809514003294892,-26.4,1.0,3,1
0.819810543657331,-26.3,0.0,1,1
0.799217462932454,-22.9,0.0,1,1
0.799855844724174,-24.7,0.0,1,1
0.783772652388797,-21.7,0.4,1,1
0.762913640032284,-23.6,0.0,1,1
0.754766949152542,-15.6,0.0,1,1
0.747780468119451,-8.3,0.2,2,1
0.738200125865324,-18.0,0.0,1,1
0.747780468119451,-13.6,0.2,2,1
0.788183675013238,-27.3,0.0,1,1
0.808361490745877,-24.1,0.0,1,1
0.796378949491893,-13.6,0.0,1,1
0.783145897422966,-11.0,0.0,1,1
0.783145897422966,-22.8,0.0,1,1
0.762711026521986,-19.4,0.0,1,1
0.77259806708357,-16.2,0.0,1,1
0.72316286427565,-20.4,0.0,1,1
0.762711026521986,-15.4,4.4,2,1
0.762716891591279,-9.4,1.6,3,1
0.767660289683128,-4.8,0.0,1,1
0.761481042068317,-2.4,0.0,1,1
0.708339512580948,-7.5,0.0,1,1
0.713282910672796,-9.6,0.0,1,1
0.713282910672796,-4.4,0.0,1,1
0.693501742590899,-0.2,0.0,1,1
0.678671181748523,0.4,0.0,1,1
0.663848929754313,0.9,0.0,1,1
0.653953580344563,-0.5,0.0,1,1
0.614405418098227,2.4,0.0,1,1
0.731252206364415,0.6,0.0,1,1
0.732506241016718,0.3,0.0,1,1
0.756461658723554,0.2,0.0,1,1
0.781677887888645,0.5,0.0,1,1
0.781677887888645,1.6,0.0,1,1
0.832759707208299,4.3,0.0,1,1
0.825488390130399,1.0,0.0,1,1
0.796403121818798,3.3,0.0,1,1
0.815793300693198,1.8,0.0,1,1
0.777012942944398,3.5,0.0,1,1
0.854573658441999,5.5,0.0,1,1
0.830941877938824,6.0,0.0,1,1
0.840031024286199,0.0,1.2,1,1
0.810945755974598,2.2,0.0,1,1
0.767317853507198,3.5,0.0,1,1
0.728189755668165,2.7,0.0,1,1
0.776499120262494,3.3,0.0,1,1
0.795520471729516,4.3,0.0,1,1
0.795520471729516,6.8,0.0,1,1
0.7243018419489,7.7,0.0,1,1
0.762233106662228,2.5,0.2,1,1
0.752722430928717,4.6,0.0,1,1
0.743211755195206,4.4,2.2,1,1
0.810945755974598,-3.8,0.6,3,1
0.810945755974598,-1.0,0.6,3,1
0.806098211255998,0.9,4.0,1,1
0.781860487662998,4.3,4.4,1,1
0.762470308788598,0.6,6.0,2,1
0.866841041493282,5.5,2.7,1,1
0.864258877711792,6.1,1.0,1,1
0.820623454695302,7.4,1.0,1,1
0.786692522118531,8.6,0.0,1,1
0.776985916175793,14.3,0.0,1,1
0.810932008241425,13.0,0.0,1,1
0.810932008241425,12.4,4.8,1,1
0.811533427061618,10.6,0.0,1,1
0.806079410481407,9.6,0.0,1,1
0.833353532905102,9.3,0.0,1,1
0.808823529411764,5.4,0.0,1,1
0.794117647058823,10.3,0.0,1,1
0.838231329199245,12.5,0.0,1,1
0.833329248265888,12.2,5.0,1,1
0.872549019607843,11.7,0.0,1,1
0.852941176470588,13.5,0.0,1,1
0.833329248265888,15.9,0.0,1,1
0.84313725490196,15.1,0.0,1,1
0.855392156862745,14.3,0.0,1,1
0.803921568627451,14.8,0.0,1,1
0.794117647058823,11.4,0.8,1,1
0.789210519865683,11.1,0.0,1,1
0.78001911811564,10.9,1.8,1,1
0.774504277065614,4.9,11.2,2,1
0.80286566015963,0.0,0.4,1,1
0.831718633555304,14.9,0.0,1,1
0.841090217417475,18.1,0.0,1,1
0.82139409152346,18.4,4.0,1,1
0.810927425219372,15.3,1.9,1,1
0.813720924532464,0.0,0.0,1,1
0.76715115566558,0.0,14.3,2,1
0.767145448306289,0.0,5.6,2,1
0.81862300546582,8.3,15.2,1,1
0.808818843599107,11.4,0.0,1,1
0.801465722199073,12.8,0.8,1,1
0.848651960784313,12.8,0.8,1,1
0.852937571999313,12.5,0.3,1,1
0.833325162998186,11.7,4.4,1,1
0.791661560332361,14.0,0.0,1,1
0.794117647058823,12.0,0.0,1,1
0.862745098039215,0.0,1.6,1,1
0.848035491065957,11.1,1.7,1,1
0.808823529411764,11.2,0.0,1,1
0.813725490196078,14.3,1.0,1,1
0.838848039215686,13.6,0.0,1,1
0.84313725490196,15.6,0.2,1,1
0.794112600799039,15.9,1.1,1,1
0.735287629598764,16.1,0.0,1,1
0.806079410481407,15.2,7.0,1,1
0.835171494364319,15.7,0.0,1,1
0.801231395743443,15.3,1.0,1,1
0.786687351529548,0.0,3.7,1,1
0.783153430994603,11.7,10.2,1,1
0.815779905466004,17.3,0.0,1,1
0.820627802690583,20.6,0.0,1,1
0.836383468670464,17.1,1.6,1,1
0.830319484171231,17.4,0.0,1,1
0.791540419343109,16.2,0.0,1,1
0.786687351529548,15.2,0.0,1,1
0.815779905466004,13.9,0.0,1,1
0.815779905466004,15.4,0.0,1,1
0.854563083262634,18.1,0.0,1,1
0.83032359713974,20.1,0.1,1,1
0.815940519725848,14.0,9.5,1,1
0.840019391588898,14.7,7.5,1,1
0.776996727669373,18.2,0.2,1,1
0.733365652648163,13.4,1.2,1,1
0.806084111016846,13.0,0.8,1,1
0.81974959809032,14.7,0.0,1,1
0.795908450362019,14.6,0.0,1,1
0.780776538217956,16.5,0.4,1,1
0.777535969048482,11.4,0.0,1,1
0.810357403355215,13.2,0.0,1,1
0.849715186038056,16.6,0.0,1,1
0.825792402613113,20.9,0.0,1,1
0.791540419343109,14.1,0.8,1,1
0.859666102105008,14.2,0.0,1,1
0.735570566600158,12.4,0.0,1,1
0.776390740516301,11.7,1.1,1,1
0.837709700948213,14.3,0.0,1,1
0.80026793326026,12.9,0.0,1,1
0.776318988572817,14.0,0.0,1,1
0.777396017324396,14.5,0.4,1,1
0.825788187471267,16.0,6.0,1,1
0.825897714907508,15.3,0.0,1,1
0.833051052504234,15.2,0.0,1,1
0.83547060246794,12.0,1.4,1,1
0.806084111016846,9.3,1.4,1,1
0.80643600290346,10.5,0.0,1,1
0.844867288813477,12.1,0.0,1,1
0.801596902976046,12.1,0.0,1,1
0.812484877812726,12.2,16.1,1,1
0.811023622047244,10.6,0.0,1,1
0.824089909601759,8.6,0.2,1,1
0.83845306572023,9.4,0.0,1,1
0.826528867062474,9.2,0.6,1,1
0.841078738261497,10.0,0.2,1,1
0.811844168375346,10.6,0.0,1,1
0.791913668368458,9.3,0.0,1,1
0.846356979954387,6.4,2.5,1,1
0.827689005485332,2.2,0.1,1,1
0.833026117348526,-1.2,0.0,1,1
0.872164205977673,0.0,0.0,1,1
0.814553372735756,2.4,0.0,1,1
0.82235025807226,1.3,0.0,1,1
0.85213098332896,5.6,0.0,1,1
0.807239861166111,8.8,1.7,1,1
0.820982710698638,-1.8,1.0,3,1
0.818951328474018,-6.4,0.0,1,1
0.799323299498308,-4.6,0.0,1,1
0.734575087310826,-0.9,0.0,1,1
0.755822689706987,0.7,0.0,1,1
0.816600047025628,5.9,0.0,1,1
0.792399306043981,5.2,0.0,1,1
0.754893916305239,3.1,0.0,1,1
0.74436458673636,1.1,0.0,1,1
0.799323299498308,1.7,0.0,1,1
0.790353938769295,0.1,0.0,1,1
0.814548073460569,7.2,0.0,1,1
0.798701143089937,9.3,2.6,1,1
0.822665292722087,-7.1,0.0,1,1
0.841555635577961,-12.5,0.0,1,1
0.841836612427808,-6.1,0.0,1,1
0.827147452825659,1.6,0.0,1,1
0.813280988174462,-0.7,0.2,1,1
0.818831942789034,-1.3,5.8,2,1
0.83767783825074,-8.8,2.0,3,1
0.809201268811562,-16.1,0.0,1,1
0.818420738263051,-11.1,0.0,1,1
0.825900310040543,-0.5,3.8,1,1
0.781947140152876,-4.5,0.4,1,1
0.780728030865824,1.1,0.0,1,1
0.756424308853976,-1.7,0.0,1,1
0.764026005297375,-0.9,0.0,1,1
0.780341047503045,0.9,0.0,1,1
0.766543623340748,-0.8,2.0,1,1
0.702829500704944,-7.1,0.0,1,1
0.75595238095238,-5.5,0.0,1,1
0.747613038405676,-0.9,0.0,1,1
0.695497630331753,-3.9,0.0,1,1
0.712264150943396,-8.5,0.2,2,1
0.682464454976303,-12.3,1.0,3,1
0.75943396226415,-13.1,0.8,3,1
0.734121087761503,-14.8,0.0,1,1
0.698106087407721,-8.1,0.0,1,1
0.755300832566805,-3.5,0.0,1,1
0.722877358490566,-6.4,0.6,3,1
0.755306603773584,-12.6,0.0,1,1
0.764417413880141,0.0,0.0,1,1
0.759615384615384,-6.9,1.8,3,1
0.771844660194174,-7.4,1.0,3,1
0.771844660194174,-10.8,0.6,3,1
0.766984635549406,-13.1,4.2,2,1
0.754801798120147,-14.9,3.0,2,1
0.70754716981132,-16.0,0.0,1,1
0.726415094339622,-4.5,0.0,1,1
0.726415094339622,-4.5,0.0,1,1
0.70754716981132,-2.7,0.0,1,1
0.70754716981132,-2.7,0.0,1,1
0.693388995023467,-10.6,0.0,1,1
0.674528301886792,-5.2,0.0,1,1
0.754705410632577,-11.0,0.0,1,1
0.749994103634519,-12.3,0.2,2,1
0.691672793681664,-10.7,0.0,1,1
0.706249999999999,-4.7,0.0,1,1
0.706249999999999,-4.7,0.0,1,1
0.674107142857142,-27.9,0.0,1,1
0.745535714285714,-28.6,0.0,1,1
0.665178571428571,-29.5,0.0,1,1
0.736607142857142,-24.2,0.1,1,1
0.68859649122807,-6.2,0.0,1,1
0.684210526315789,0.0,0.0,1,1
0.697368421052631,-3.1,0.0,1,1
0.728070175438596,-1.9,0.0,1,1
0.741228070175438,-7.9,0.0,1,1
0.763157894736842,-7.0,0.0,1,1
0.678179824561403,-22.1,0.0,1,1
0.729714912280701,-23.4,0.0,1,1
0.763157894736842,-5.5,0.0,1,1
0.802631578947368,-0.6,0.2,1,1
0.726721763085399,-0.6,0.7,3,1
0.687603305785124,-2.6,0.0,1,1
0.617079889807162,0.2,0.0,1,1
0.61267217630854,-7.3,0.0,1,1
0.652341597796143,-4.0,0.0,1,1
0.675438596491228,-9.8,0.0,1,1
0.653508771929824,-20.6,0.0,1,1
0.600877192982456,-25.5,0.0,1,1
0.618421052631579,-17.4,0.2,2,1
0.603524229074889,-8.6,0.0,1,1
0.655978260869565,2.8,0.0,1,1
0.626086956521739,-1.5,0.0,1,1
0.626086956521739,1.8,0.0,1,1
0.639130434782608,3.7,0.0,1,1
0.684782608695652,-2.9,0.0,1,1
0.645021645021645,-3.2,0.4,1,1
0.701298701298701,-5.1,0.2,2,1
0.722943722943722,-9.8,0.4,1,1
0.703463203463203,-3.2,0.6,3,1
0.653679653679653,-7.4,0.2,2,1
0.603448275862069,-18.7,0.0,2,1
0.642241379310344,-23.5,0.0,3,1
0.650862068965517,-16.8,0.0,1,1
0.655172413793103,-8.3,0.2,3,1
0.625,-10.0,0.0,1,1
0.689655172413793,-7.8,0.0,3,1
0.685344827586206,-3.8,0.0,1,1
0.691271551724137,-6.6,0.0,3,1
0.685344827586206,-9.2,2.0,3,1
0.672413793103448,-9.6,0.0,2,1
0.706896551724137,-1.5,0.0,3,1
0.676724137931034,-11.3,0.0,2,1
0.706896551724137,-13.3,0.0,2,1
0.646012931034482,-7.4,0.0,2,1
0.659482758620689,-10.3,0.0,1,1
0.636363636363636,-4.5,0.0,3,1
0.701298701298701,0.7,0.0,2,1
0.705627705627705,-1.0,0.0,1,1
0.653679653679653,-2.0,0.0,1,1
0.642241379310344,0.6,0.0,1,1
0.693965517241379,2.3,0.0,1,1
0.752136752136752,4.6,0.0,1,1
0.77391304347826,5.1,0.0,1,1
0.763157894736842,4.0,0.0,1,1
0.743478260869565,1.8,0.0,1,1
0.786666666666666,2.6,0.2,1,1
0.777777777777777,0.8,0.0,1,1
0.808888888888888,5.2,1.5,1,1
0.8,3.4,1.4,3,1
0.804444444444444,4.5,0.0,1,1
0.752173913043478,7.4,0.0,1,1
0.837719298245614,4.7,0.0,3,1
0.817391304347826,4.4,0.0,1,1
0.789473684210526,7.9,0.0,1,1
0.743478260869565,15.3,0.0,1,1
0.723684210526315,-3.5,0.0,2,1
0.728070175438596,-6.3,0.0,1,1
0.736842105263157,-6.6,0.0,1,1
0.736842105263157,-5.9,0.0,2,1
0.604196894557896,-0.3,8.0,3,1
0.592286203088117,-2.3,1.4,3,1
0.597700153756199,-2.0,0.0,1,1
0.675661043376572,-0.2,1.8,1,1
0.692985685514433,10.6,0.0,1,1
0.710310327652294,10.2,0.4,1,1
0.691902895380817,1.4,0.8,3,1
0.684323364445503,7.5,0.0,3,1
0.675661043376572,4.6,0.0,3,1
0.725255040740983,11.7,0.0,1,1
0.773314109705747,9.0,0.0,1,1
0.706686764095506,13.4,0.0,1,1
0.742731065819079,14.2,0.0,1,1
0.699041003123839,5.5,0.7,3,1
0.75,4.3,0.2,1,1
0.728070175438596,5.3,0.6,3,1
0.736842105263157,11.0,0.0,3,1
0.758771929824561,11.9,0.0,1,1
0.741228070175438,10.7,0.0,1,1
0.706140350877193,15.1,0.0,1,1
0.767543859649122,8.5,0.0,1,1
0.758771929824561,7.1,0.0,1,1
0.741228070175438,5.6,2.7,1,1
0.662280701754385,5.2,0.6,3,1
0.698275862068965,11.8,0.0,1,1
0.719827586206896,11.3,0.0,1,1
0.741379310344827,15.2,0.0,1,1
0.724137931034482,14.2,0.2,1,1
0.737068965517241,9.6,0.2,1,1
0.75377969762419,11.9,0.0,1,1
0.745689655172413,13.2,0.0,1,1
0.782327586206896,13.6,0.0,1,1
0.719827586206896,15.0,0.0,1,1
0.719827586206896,10.4,1.4,1,1
0.745689655172413,7.7,0.4,3,1
0.762931034482758,12.3,0.6,2,1
0.725215517241379,15.9,0.0,2,1
0.719827586206896,15.4,0.0,1,1
0.702586206896551,11.1,0.0,1,1
0.698275862068965,10.7,0.0,2,1
0.706896551724137,15.0,0.0,2,1
0.71551724137931,16.1,0.2,1,1
0.663793103448275,15.9,0.8,1,1
0.663793103448275,15.9,0.8,1,1
0.775219298245614,15.1,4.5,1,1
0.776315789473684,17.1,0.0,3,1
0.75,16.6,0.0,2,1
0.728070175438596,11.0,0.0,2,1
0.736842105263157,8.4,0.0,3,1
0.678571428571428,14.6,0.0,1,1
0.71875,10.6,0.0,2,1
0.745535714285714,16.0,0.0,1,1
0.736842105263157,10.6,0.0,1,1
0.741228070175438,13.4,0.0,1,1
0.719298245614035,17.1,0.0,1,1
0.75438596491228,19.2,0.8,1,1
0.719298245614035,18.3,0.0,1,1
0.706140350877193,22.4,0.0,1,1
0.701754385964912,17.8,0.0,3,1
0.728070175438596,17.1,0.0,1,1
0.7117903930131,19.5,0.0,1,1
0.732456140350877,16.0,0.0,1,1
0.736842105263157,20.3,1.0,1,1
0.728070175438596,16.9,0.0,1,1
0.758771929824561,19.7,0.0,1,1
0.671052631578947,15.3,1.2,1,1
0.691964285714285,15.1,4.7,1,1
0.745535714285714,18.2,0.0,1,1
0.770089285714285,20.0,0.0,1,1
0.700892857142857,22.0,0.0,1,1
0.678571428571428,22.1,9.5,2,1
0.736607142857142,17.8,0.0,1,1
0.709821428571428,18.9,0.0,1,1
0.75,13.2,0.2,2,1
0.754464285714285,12.1,0.0,1,1
0.741071428571428,19.0,0.0,1,1
0.754464285714285,17.9,0.0,1,1
0.741071428571428,19.3,0.0,1,1
0.736607142857142,23.2,0.0,1,1
0.763392857142857,20.6,0.5,3,1
0.743303571428571,19.6,0.0,3,1
0.741071428571428,21.7,0.2,3,1
0.703125,18.9,0.2,1,1
0.705357142857142,21.3,0.0,1,1
0.645089285714285,23.2,0.0,1,1
0.69298245614035,20.6,0.0,1,1
0.68859649122807,17.6,2.8,2,1
0.745614035087719,20.4,0.0,1,1
0.714912280701754,22.3,0.0,1,1
0.68859649122807,22.8,0.0,1,1
0.767543859649122,19.2,0.0,1,1
0.788377192982456,21.3,0.0,1,1
0.765350877192982,23.9,0.0,1,1
0.719298245614035,18.4,0.0,1,1
0.701754385964912,20.6,0.0,1,1
0.745614035087719,17.5,0.0,1,1
0.745614035087719,18.9,0.0,1,1
0.780701754385964,11.7,0.0,1,1
0.776315789473684,11.2,0.0,1,1
0.708333333333333,15.3,0.0,1,1
0.743421052631579,15.8,0.0,3,1
0.736842105263157,16.1,0.0,1,1
0.743303571428571,17.8,0.0,2,1
0.714285714285714,13.7,0.0,1,1
0.774553571428571,9.5,0.0,1,1
0.756696428571428,11.8,0.0,1,1
0.752232142857142,12.5,0.0,1,1
0.708147321428571,13.4,0.0,1,1
0.713656387665198,18.3,0.0,1,1
0.748898678414097,20.0,0.0,1,1
0.770925110132158,19.9,0.0,1,1
0.733480176211453,16.5,0.0,1,1
0.792207792207792,16.8,0.0,1,1
0.757575757575757,8.8,0.0,1,1
0.787878787878787,13.0,0.0,1,1
0.742424242424242,13.8,0.0,1,1
0.714285714285714,6.1,0.0,1,1
0.727272727272727,9.4,0.0,1,1
0.74025974025974,11.6,0.0,1,1
0.757575757575757,11.7,0.0,1,1
0.758771929824561,12.0,0.0,1,1
0.81578947368421,11.9,0.0,1,1
0.769736842105263,12.7,0.0,1,1
0.767543859649122,8.8,0.0,1,1
0.732456140350877,5.6,0.0,1,1
0.798245614035087,2.8,29.3,1,1
0.758771929824561,2.2,0.0,1,1
0.763157894736842,0.3,0.0,1,1
0.763157894736842,5.7,0.0,1,1
0.732456140350877,6.1,0.0,1,1
0.752155172413793,1.7,0.0,1,1
0.745689655172413,-1.4,1.4,1,1
0.724137931034482,-1.0,1.3,1,1
0.745689655172413,-5.8,0.4,1,1
0.702586206896551,-0.1,0.2,1,1
0.672413793103448,-14.4,2.5,1,1
0.737068965517241,-14.0,0.0,1,1
0.737068965517241,-17.5,0.0,1,1
0.745689655172413,-14.8,0.0,1,1
0.724137931034482,-6.1,0.0,3,1
0.741379310344827,-4.8,0.0,1,1
0.758620689655172,-3.8,0.0,1,1
0.719827586206896,-14.1,0.0,1,1
0.724137931034482,-7.0,0.0,1,1
0.724137931034482,-7.0,0.0,1,1
0.728448275862069,-2.0,0.0,1,1
0.765086206896551,-0.5,0.0,3,1
0.659482758620689,-0.1,1.0,1,1
0.670258620689655,-0.4,0.0,1,1
0.670258620689655,-1.8,0.0,1,1
0.672413793103448,-14.2,0.0,1,1
0.762931034482758,-19.4,0.0,1,1
0.741379310344827,-21.9,0.2,1,1
0.719827586206896,-20.8,0.0,3,1
0.732758620689655,-22.6,0.0,1,1
0.719827586206896,-16.9,0.0,1,1
0.676724137931034,-26.3,0.0,1,1
0.706896551724137,-10.0,0.0,1,1
0.689655172413793,-8.3,0.0,1,1
0.745689655172413,-13.4,0.0,1,1
0.823275862068965,-16.4,0.0,1,1
0.784482758620689,-15.3,0.2,1,1
0.784482758620689,-5.3,0.0,1,1
0.780172413793103,-6.7,0.0,1,1
0.741379310344827,-12.9,0.0,1,1
0.733905579399141,-22.5,0.1,1,1
0.698275862068965,-30.8,0.0,1,1
0.71551724137931,-31.1,0.0,1,1
0.728448275862069,-31.0,0.0,1,1
0.719827586206896,-23.1,0.4,1,1
0.693965517241379,-9.2,0.0,1,1
0.685344827586206,-12.6,0.0,1,1
0.655172413793103,-11.8,0.0,3,1
0.754398879891453,3.9,7.8,2,3
0.797914984427269,7.8,48.2,2,3
0.769824855733769,8.9,7.2,1,3
0.803963695356688,2.4,0.0,1,3
0.787863730032299,4.5,3.2,1,3
0.823105114839312,6.4,2.4,1,3
0.836124751549164,8.9,1.4,1,3
0.826745669741724,6.8,0.0,1,3
0.78686816050026,4.3,0.0,1,3
0.804824691945949,3.1,0.0,1,3
0.810147372821883,3.7,0.0,1,3
0.78297598756018,6.3,6.0,1,3
0.763109715255347,8.4,5.4,1,3
0.775073800467035,3.4,0.0,1,3
0.79237761826312,4.7,21.6,2,3
0.780248114097124,6.0,4.9,1,3
0.760967205148217,6.4,0.0,1,3
0.734456454510647,5.3,0.0,1,3
0.787594068008777,5.2,0.0,1,3
0.769677581047013,4.0,0.0,1,3
0.789026115663502,3.0,0.0,1,3
0.750380000885439,5.6,1.4,1,3
0.741399675180865,7.4,12.6,1,3
0.727632469328312,-2.7,0.6,3,3
0.751165835503184,-2.7,0.0,1,3
0.727832657141177,-1.5,0.0,1,3
0.768761035903472,-1.0,0.0,1,3
0.740983799532084,-0.4,5.2,1,3
0.550660403751859,-2.2,26.9,2,3
0.435341969140987,0.2,9.9,2,3
0.707091802217842,-1.3,2.4,1,3
0.695567834469786,-2.6,10.5,2,3
0.659863745383381,2.8,2.2,1,3
0.767262298698433,1.4,0.0,1,3
0.790039134067158,3.4,0.2,1,3
0.781084529973451,2.2,0.0,1,3
0.788570339753173,1.8,0.0,1,3
0.766513714091801,3.6,2.8,1,3
0.811885738003824,2.8,0.0,1,3
0.81472141458494,1.8,0.0,1,3
0.822867783985102,3.6,0.0,1,3
0.806165691775098,2.0,0.0,1,3
0.830442873092668,2.6,0.0,1,3
0.831820726640539,1.2,0.0,1,3
0.834891424365108,1.5,0.0,1,3
0.816599613893924,-0.2,0.0,1,3
0.786677697182786,2.5,0.2,1,3
0.797468166131143,2.1,0.0,1,3
0.736661005685594,3.4,5.4,2,3
0.75475515387796,5.2,0.3,1,3
0.774649963154016,4.7,0.0,1,3
0.77411729945339,5.3,1.2,1,3
0.75473372781065,7.7,0.0,1,3
0.811364627234413,10.8,0.0,1,3
0.799368111468631,10.5,0.0,1,3
0.799052132701421,12.4,0.0,1,3
0.769557661696628,9.4,0.0,1,3
0.746809626478643,8.4,0.0,1,3
0.793847406373575,7.3,4.0,1,3
0.76365454861715,7.6,0.2,1,3
0.77618022003609,8.7,0.0,1,3
0.755692737755517,10.4,0.0,1,3
0.776430741499861,9.1,0.0,1,3
0.836038255325315,11.5,0.0,1,3
0.819181536927611,11.9,0.4,1,3
0.806456307853525,11.8,5.0,1,3
0.800486759840855,11.6,0.0,1,3
0.736715714098589,10.9,3.8,1,3
0.80372797562588,7.8,12.2,1,3
0.811808064957314,9.6,2.2,1,3
0.789212727429507,10.2,0.8,2,3
0.785892080567635,8.4,7.8,1,3
0.74420881383262,9.2,0.0,1,3
0.780233995458073,8.5,0.0,1,3
0.771472127941091,7.1,0.0,1,3
0.768229091642418,11.3,0.2,1,3
0.762272936307197,10.9,10.6,1,3
0.824774990216966,12.0,0.0,1,3
0.79289639731325,9.3,0.0,1,3
0.774723038004129,8.7,0.0,1,3
0.748808693630869,9.3,0.0,1,3
0.784743641971716,10.3,0.0,1,3
0.784743641971716,10.3,0.0,1,3
0.771807993969004,11.0,0.0,1,3
0.776157269814575,12.2,0.0,1,3
0.749699175087348,10.6,0.0,1,3
0.779003132352728,13.1,0.0,1,3
0.797167643341376,13.2,0.0,1,3
0.785568286503915,14.2,0.0,1,3
0.785294584722883,17.6,0.0,1,3
0.744073571449195,17.8,0.0,1,3
0.794708462146811,9.3,0.0,1,3
0.829467470880671,12.3,5.2,1,3
0.821146401485169,13.2,1.8,1,3
0.804216563630337,15.0,0.0,1,3
0.794964910005332,0.0,0.0,1,3
0.74873850234999,13.8,1.6,1,3
0.76817044419052,15.0,0.0,1,3
0.752946097592638,15.9,0.0,1,3
0.743555426243817,12.7,0.8,1,3
0.770714048776266,15.7,0.0,1,3
0.803907525711175,13.3,0.0,1,3
0.811744063969626,13.6,0.0,1,3
0.814703007302627,14.1,0.0,1,3
0.807885448649889,15.8,0.0,1,3
0.809947374442283,15.7,0.0,1,3
0.826427771556551,15.2,0.0,1,3
0.824803460814326,14.4,0.2,1,3
0.846361689590249,11.6,3.0,1,3
0.825807567069129,13.2,3.4,1,3
0.810944839521254,16.5,0.0,1,3
0.842017495099616,19.5,0.0,1,3
0.787249335154172,21.9,0.0,1,3
0.804124899181933,20.0,0.0,1,3
0.786527514231499,15.7,0.0,1,3
0.734919199579954,0.0,0.0,1,3
0.776854080070006,0.0,0.0,1,3
0.784146430394516,0.0,1.8,1,3
0.792894230208272,14.3,0.4,1,3
0.759352439291183,15.6,0.0,1,3
0.731198853115106,15.4,0.0,1,3
0.790932441311749,15.5,0.0,1,3
0.773012364852756,16.9,0.0,1,3
0.801388785186291,17.1,20.2,1,3
0.786425744792055,15.4,1.6,1,3
0.71973970926241,15.5,8.3,1,3
0.755190066116442,16.9,0.0,1,3
0.763341619899668,16.2,0.0,1,3
0.744813587654099,14.1,0.0,1,3
0.726972411535371,16.4,0.0,1,3
0.718788131305615,16.8,3.4,1,3
0.739624719134562,15.8,11.9,1,3
0.729892691372028,16.4,0.2,1,3
0.707431010551766,17.7,0.0,1,3
0.704686039784611,16.8,0.0,1,3
0.707652826606144,16.3,0.0,1,3
0.747704448696838,18.3,1.3,1,3
0.726936940946108,16.9,0.0,1,3
0.743254268464539,14.4,0.0,1,3
0.746134115060461,18.3,0.0,1,3
0.745668135095447,19.8,0.0,1,3
0.773817381738173,18.2,0.0,1,3
0.766140286448769,19.0,0.0,1,3
0.766088745224801,22.0,0.0,1,3
0.711583232059973,17.5,0.0,1,3
0.725835439893624,0.0,0.0,1,3
0.750407033539563,19.9,0.0,1,3
0.744244273904412,18.5,0.0,1,3
0.680538682627633,19.7,2.8,1,3
1.0,18.8,0.0,1,3
0.74439574757914,18.5,0.0,1,3
0.75609286338652,16.1,0.0,1,3
0.754985332898752,16.2,0.0,1,3
0.745948028089721,16.0,0.0,1,3
0.729276960965035,17.9,0.0,1,3
0.776470241255235,19.1,0.0,1,3
0.736658162889121,20.1,0.0,1,3
0.74992626673745,17.6,0.0,1,3
0.717479464983557,16.9,0.0,1,3
0.712720272471494,15.9,0.0,1,3
0.699797883723695,16.5,0.0,1,3
0.735461530459078,16.1,5.7,1,3
0.711687076447509,16.8,0.0,1,3
0.739687328984928,14.3,2.1,1,3
0.736621396936568,16.4,0.0,1,3
0.771934729190883,19.1,0.0,1,3
0.744346188367199,19.7,0.0,1,3
0.746921118844077,17.0,0.0,1,3
0.727901161935578,17.5,0.0,1,3
0.701642764781944,16.5,0.0,1,3
0.751085149272398,17.5,0.0,1,3
0.720718078085125,18.5,0.0,1,3
0.701323981752529,16.9,0.0,1,3
0.764248398807591,16.3,1.2,1,3
0.749125629030591,15.8,0.0,1,3
0.760562548883609,13.8,0.0,1,3
0.768236353172084,15.3,10.2,1,3
0.747576110856957,15.8,2.4,1,3
0.776413069401383,13.3,1.7,1,3
0.779640575912332,13.0,15.9,1,3
0.791706961450909,15.2,1.0,1,3
0.800485386299003,12.9,1.6,1,3
0.751343190799698,14.7,0.0,1,3
0.78625283654198,13.1,9.6,1,3
0.768199289926938,15.7,0.2,1,3
0.762271626678406,0.0,0.0,1,3
0.799566710388634,14.8,0.4,1,3
0.779968419343889,10.8,7.6,1,3
0.752857584182885,9.3,0.0,1,3
0.789182688782319,8.7,0.0,1,3
0.770368734820048,9.0,1.2,1,3
0.761536763082358,11.5,0.6,1,3
0.76599521720632,9.6,12.4,1,3
0.74327574250852,13.4,7.8,1,3
0.791097659998523,8.3,0.8,2,3
0.782682238042007,5.5,0.0,1,3
0.784457304830518,5.4,0.0,1,3
0.756097560975609,7.6,0.0,1,3
0.764129659549073,8.5,1.6,1,3
0.765789627721844,11.2,8.9,1,3
0.7599361976118,10.7,5.2,1,3
0.716945260971935,9.9,6.0,1,3
0.821345572856146,9.9,18.7,1,3
0.847283833902988,10.8,0.0,1,3
0.792018151143173,7.9,0.0,1,3
0.81321629582106,8.6,0.2,1,3
0.792805797355029,10.9,0.0,1,3
0.860776749717202,5.4,0.0,1,3
0.823065320802877,4.2,0.0,1,3
0.825968413267008,4.3,0.0,1,3
0.834672390289178,5.7,0.0,1,3
0.809029338824996,6.4,0.0,1,3
0.787651807141298,8.7,0.0,1,3
0.799287324558213,7.8,0.0,1,3
0.805105083266671,8.7,0.0,1,3
0.813834428995287,7.5,0.0,1,3
0.809471173424864,6.2,0.0,1,3
0.832326327657483,8.5,12.1,1,3
0.823008849557522,8.1,0.0,1,3
0.811468515242045,7.9,0.2,1,3
0.811402872479326,9.9,3.9,1,3
0.846314446442034,6.9,15.5,1,3
0.821617623598683,8.5,0.8,2,3
0.823464562360381,6.2,0.0,1,3
0.794261985654964,4.6,0.0,1,3
0.779745916515426,4.2,0.0,1,3
0.814798700545306,4.5,0.0,1,3
0.81124952812382,2.7,1.6,1,3
0.800159408738497,5.4,0.0,1,3
0.799637023593466,1.0,0.0,1,3
0.764791288566243,0.2,0.0,1,3
0.80299972412992,4.6,0.0,1,3
0.789343857918105,7.4,0.0,1,3
0.822478168789347,7.6,0.8,2,3
0.792012997374414,6.1,0.0,1,3
0.823926193481004,6.3,3.2,1,3
0.780780346820809,4.6,0.0,1,3
0.821165245048431,3.8,2.7,1,3
0.792250975856585,7.2,7.4,1,3
0.745988145149631,6.7,20.3,1,3
0.792250975856585,5.0,3.6,1,3
0.722073214932946,4.1,0.4,1,3
0.734418597926817,5.8,0.0,1,3
0.734418597926817,5.8,0.0,1,3
0.780463096960926,5.2,7.8,2,3
0.780463096960926,5.2,7.8,2,3
0.787298825576337,6.5,16.4,1,3
0.748875941534502,8.0,25.8,1,3
0.731531010553708,2.7,0.9,3,3
0.696614583333333,3.9,1.0,1,3
0.731383440374935,7.3,0.5,1,3
0.741988878079944,10.3,14.4,1,3
0.741988878079944,10.3,14.4,1,3
0.714929159896234,3.0,5.0,1,3
0.713356169291846,0.5,7.0,2,3
0.494543365881677,2.9,35.5,2,3
0.723130774086188,1.6,3.9,1,3
0.705947830162426,3.8,0.8,3,3
0.728932728580445,7.5,24.4,1,3
0.719662013225569,8.7,13.4,1,3
0.731418074944893,7.3,1.3,1,3
0.731418074944893,0.0,0.0,1,3
0.796183611980859,5.9,2.1,1,3
0.778754535532021,6.8,5.2,1,3
0.828123384965226,6.8,4.4,1,3
0.819854406922315,7.7,5.0,1,3
0.784410174598954,4.6,0.0,1,3
0.754314212996336,3.9,0.0,1,3
0.775804596005781,3.2,0.0,1,3
0.72821270310192,2.0,0.0,1,3
0.72525037667287,3.6,0.0,1,3
0.729352062955063,1.1,0.0,1,3
0.704727315676026,3.7,0.0,1,3
0.710965126429638,1.9,0.0,1,3
0.728176909382494,1.4,0.6,3,3
0.7032596922803,5.2,2.1,1,3
0.716538223048985,8.2,0.3,1,3
0.787655661000044,5.9,0.0,1,3
0.805305452092559,4.5,1.0,1,3
0.806659395082837,7.4,0.2,1,3
0.804922127534528,5.8,0.0,1,3
0.763117181629315,7.5,0.0,1,3
0.740012132767137,6.1,0.4,1,3
0.756446577243293,5.0,0.0,1,3
0.761547794436259,4.7,0.0,1,3
0.741326515873703,5.6,0.0,1,3
0.733122454285466,5.1,0.0,1,3
0.731018491848608,2.9,4.2,2,3
0.779984446108646,0.2,0.0,1,3
0.776384008295408,-0.3,0.0,1,3
0.765764321930182,1.8,2.8,1,3
0.782059105570569,3.4,0.0,1,3
0.820345172880956,6.1,28.5,2,3
0.797961709252384,8.6,1.1,1,3
0.813704372125516,8.5,6.1,2,3
0.787280541997523,6.2,0.0,1,3
0.75287916951793,7.9,0.0,1,3
0.825720717449713,6.9,0.0,1,3
0.851610462917163,6.1,0.2,1,3
0.828163998073358,5.5,0.0,1,3
0.813568227927546,5.1,0.0,1,3
0.799024248161363,5.2,2.0,1,3
0.78755911240451,6.9,18.2,1,3
0.79670369563639,8.0,0.6,1,3
0.826125396006778,7.8,0.0,1,3
0.808443232888823,5.8,16.7,1,3
0.797705019715564,7.3,0.6,1,3
0.759467020448187,6.2,10.7,1,3
0.77422568767598,7.8,6.7,1,3
0.765383117164168,10.7,0.3,1,3
0.759237083952505,7.0,0.0,1,3
0.722588978185993,8.6,0.0,1,3
0.81687637733703,10.8,4.5,1,3
0.80777457718963,9.1,0.0,1,3
0.78209717211186,9.3,0.3,1,3
0.794332788864427,7.8,0.0,1,3
0.764951795921849,6.7,0.0,1,3
0.751674226159161,6.9,20.4,1,3
0.812672958206201,8.1,0.6,1,3
0.800978050722165,7.0,0.0,1,3
0.792321588597601,9.0,0.0,1,3
0.783318365194086,8.4,1.4,1,3
0.774883879976063,6.0,0.8,2,3
0.775012103779227,4.9,5.6,1,3
0.757568843318169,6.3,0.6,1,3
0.758199869143458,6.4,0.0,1,3
0.749369904676081,8.7,1.0,1,3
0.744295830055074,7.9,0.0,1,3
0.715545615663769,8.8,2.4,1,3
0.662071298684822,8.7,0.2,1,3
0.68185334702432,10.5,2.7,1,3
0.692448654515724,8.4,0.2,1,3
0.701020178108443,8.6,1.8,1,3
0.686155410845705,8.7,0.0,1,3
0.6698947012306,9.5,0.6,1,3
0.797526307633792,10.4,1.6,1,3
0.804034297176274,10.6,1.1,1,3
0.796971451979715,9.3,1.1,1,3
0.813822344710621,11.0,7.6,1,3
0.780020623507974,9.0,0.0,1,3
0.760115892869761,9.2,0.7,1,3
0.751741188104824,10.1,0.0,1,3
0.750222599109603,9.6,1.0,1,3
0.774249169669987,8.2,2.9,1,3
0.686622853508585,9.1,0.0,1,3
0.709406511091904,12.2,0.5,1,3
0.692784246083081,11.2,0.0,1,3
0.700491659097135,9.6,5.4,1,3
0.709980543345103,9.9,0.0,1,3
0.67166955017301,11.7,0.0,1,3
0.702250524639988,12.2,0.0,1,3
0.691840765892411,14.1,0.7,1,3
0.757685639988442,12.9,5.6,1,3
0.725653223824052,13.0,3.8,1,3
0.726132394122232,14.0,0.6,1,3
0.752425574857637,14.8,0.0,1,3
0.755308873351113,15.8,0.0,1,3
0.75819217184459,17.0,0.0,1,3
0.75819217184459,12.8,4.2,1,3
0.765887905258838,14.7,0.0,1,3
0.760506106926058,14.8,0.6,1,3
0.75172968624296,15.1,0.4,1,3
0.760506106926058,11.7,22.5,2,3
0.7195494770716,16.6,0.5,1,3
0.738630786847701,14.0,0.0,1,3
0.730175625332623,13.6,0.0,1,3
0.768347926967378,13.7,0.0,1,3
0.722740959695019,14.5,2.7,1,3
0.702022155308157,15.9,0.0,1,3
0.702022155308157,15.9,0.0,1,3
0.683842684669038,14.7,0.0,1,3
0.700997467858591,16.5,0.0,1,3
0.686643883582173,15.7,0.0,1,3
0.667347652697124,15.8,0.0,1,3
0.611191219498536,18.2,0.0,1,3
0.754153006969889,17.2,0.0,1,3
0.74037852282432,15.5,0.0,1,3
0.754497369073528,17.2,0.0,1,3
0.709254028908456,16.6,0.0,1,3
0.674778668816277,17.5,0.6,1,3
0.674099246528599,17.2,3.4,1,3
0.644202304346013,16.9,0.0,1,3
0.726445068175018,19.5,0.0,1,3
0.780938792569213,19.5,0.0,1,3
0.769409255336013,17.6,0.0,1,3
0.698790839782668,18.4,0.0,1,3
0.76063943465314,19.7,0.0,1,3
0.737672218502001,17.5,0.0,1,3
0.714875974183253,18.5,0.0,1,3
0.726274096342627,19.5,0.0,1,3
0.740344113657457,20.2,0.0,1,3
0.686715436509066,18.6,0.0,1,3
0.722420288390756,22.7,0.0,1,3
0.716646699672348,23.9,0.0,1,3
0.710873110953941,22.6,0.0,1,3
0.693552344798718,23.2,0.0,1,3
0.673424918468065,22.2,0.0,1,3
0.721995332555425,20.1,0.0,1,3
0.730330055009168,19.3,0.8,1,3
0.688656442740456,17.1,0.0,1,3
0.685878201922542,17.3,0.0,1,3
0.741330222351846,21.6,0.0,1,3
0.732997236226268,21.7,0.0,1,3
0.777439828896018,20.8,0.2,1,3
0.71565872927562,19.8,0.0,1,3
0.72188658805883,20.5,0.0,1,3
0.684551315753064,19.5,0.0,1,3
0.728824815296494,20.4,0.0,1,3
0.662153395994644,22.6,0.0,1,3
0.665645314893793,23.0,0.0,1,3
0.718232044198895,21.3,0.0,1,3
0.733067784185995,20.9,0.0,1,3
0.759262846232601,20.9,0.0,1,3
0.729001036985827,22.4,0.0,1,3
0.703920971803314,23.3,0.0,1,3
0.652383851241041,20.8,0.0,1,3
0.758057669996321,19.3,0.0,1,3
0.732943773168454,22.8,0.0,1,3
0.7439089957271,23.3,0.0,1,3
0.701462972919437,20.5,0.0,1,3
0.653357480404086,21.4,0.0,1,3
0.732046559186474,20.1,0.0,1,3
0.774629748873148,19.3,0.0,1,3
0.737000405690863,17.6,0.0,1,3
0.741063180583937,19.7,0.0,1,3
0.763252269416115,18.1,0.0,1,3
0.760853568800588,16.2,0.0,1,3
0.784952321666053,16.3,0.0,1,3
0.748123341516368,16.5,0.0,1,3
0.704843126960026,15.5,0.0,1,3
0.767084059380529,19.0,0.0,1,3
0.751257232466338,17.9,0.0,1,3
0.751001407383349,16.6,0.0,1,3
0.702179504534993,14.0,0.0,1,3
0.746057203956161,18.1,0.0,1,3
0.794241432293406,17.8,0.0,1,3
0.796709910391868,15.0,0.2,1,3
0.783190578158458,15.6,0.0,1,3
0.803312222178513,16.4,0.0,1,3
0.774591775220821,16.5,0.0,1,3
0.817266949152542,17.2,0.0,1,3
0.785325258736069,17.3,0.0,1,3
0.805450095905814,14.3,0.0,1,3
0.776125529661017,14.1,0.0,1,3
0.790691207627118,15.1,0.0,1,3
0.777743983073261,15.0,0.0,1,3
0.773228978526991,14.6,0.0,1,3
0.76058855146466,14.2,0.0,1,3
0.786876428667473,15.0,0.0,1,3
0.792838117786327,13.8,0.0,1,3
0.760553149129651,9.8,2.0,1,3
0.784595389561529,9.7,4.4,1,3
0.764183278949244,8.8,4.4,1,3
0.813685868895129,7.8,0.0,1,3
0.808056157284268,9.9,16.9,2,3
0.799829992596451,9.1,3.3,1,3
0.846335373048322,9.7,6.2,1,3
0.862047823421214,6.4,0.0,1,3
0.813193553783527,5.2,3.2,1,3
0.821558021524563,5.7,23.8,1,3
0.804829086042491,8.4,9.0,1,3
0.844044498968382,-2.0,4.0,3,3
0.804718345103709,-2.6,0.0,1,3
0.829147683075897,-0.3,0.0,1,3
0.746983261969638,2.0,0.0,1,3
0.774401536456547,5.8,0.0,1,3
0.804461580831726,6.9,0.0,1,3
0.819451131439576,7.7,0.0,1,3
0.840319361277445,6.7,0.0,1,3
0.794746049894618,6.0,0.0,1,3
0.794746049894618,6.0,0.0,1,3
0.827692307692307,6.8,0.8,1,3
0.868583162217659,6.5,15.2,1,3
0.874274000683293,7.7,0.0,1,3
0.830248603657868,7.2,0.0,1,3
0.764538385718979,9.1,4.6,1,3
0.819672131147541,2.7,0.4,1,3
0.819795221843003,-1.0,10.0,3,3
0.8145106091718,2.8,4.3,1,3
0.8165589749206,-3.6,0.0,1,3
0.8165589749206,-2.7,2.1,2,3
0.762289981331673,-0.3,0.0,1,3
0.784557907845579,1.9,4.2,1,3
0.752901618929016,4.2,0.2,1,3
0.766972385604625,5.0,4.2,1,3
0.758872495264679,3.5,1.4,1,3
0.722985074626865,1.7,0.0,1,3
0.725606150206978,2.5,0.0,1,3
0.678296865759905,3.2,0.0,1,3
0.68515205724508,3.7,0.0,1,3
0.67818831942789,3.4,0.0,1,3
0.6939448441247,-6.0,8.0,1,3
0.425812031520276,-3.1,29.3,3,3
0.569959638669998,-6.3,0.0,1,3
0.600891312704209,-6.5,0.0,3,3
0.783478281760522,0.4,11.4,2,3
0.73563371578807,5.8,0.3,1,3
0.745947192156482,4.4,2.2,1,3
0.733725799599441,6.2,14.8,1,3
